PARTY_NAME,PARTY_ADDRESS1,PARTY_CITY,PARTY_STATE
TATA COMMUNICATIONS,12708 RIATA VISTA CIR,AUSTIN,TX
US ARMY ARDEC,BLDG 64,PICATINNY ARSENSAL,NJ
WEST CENTRAL STEEL,10 19TH STREET NW,WILLMAR,MN
"LTF CLUB OPERATIONS COMPANY, INC.",11220 GOLF LINKS DRIVE,CHARLOTTE,NC
INDUSTRIAL TOOLS EXPORT,8770 W BRYN MAWR AVE,CHICAGO,IL
B&B 411-HULL & COMPANY,3850 N CAUSEWAY BLVD,METAIRIE,LA
TNS,2000 PEPPERELL PKWY,OPELIKA,AL
THE BRATTLE GROUP,1 SUMMER ST,BOSTON,MA
GPC WINDY HILL,3100 WINDY HILL RD SE,ATLANTA,GA
PRIMELENDING,1038 N WEST SHORE BLVD,TAMPA,FL
DCCOALITION AGAINST DOMESTIC VIOLENCE,5 THOMAS CIR NW,WASHINGTON,DC
BUTLER SNOW,500 W OFFICE CENTER DR,FORT WASHINGTON,PA
HEALTHCREST HUEBNER AMBULATORY CENTER,13431 BROADWAY EXT,OKLAHOMA CITY,OK
VICKY MOCK,1260 ANDES BLVD,SAINT LOUIS,MO
SPRINT SPECTRUM LP,6550 SPRINT PKWY,OVERLAND PARK,KS
ANT WORKS,1112 CHURCH ST,LYNCHBURG,VA
HALLANDALE,1250 E HALLANDALE BEACH BLVD,HALLANDALE,FL
MANASSAS CITY PUBLIC SCHO,8700 CENTREVILLE RD,MANASSAS,VA
FEDERAL RESERVE BANK OF RICHMOND,1455 E 6TH ST,CLEVELAND,OH
ZF TRW,1103 W BADDOUR PKWY,LEBANON,TN
CBTS-CINCINNATI BELL TECHNOLOGY SOLUTIONS,1532 MADISON ST,CHARLESTON,WV
PACE UNIVERSITY,PO BOX P0193760,NEW YORK,NY
STATE OF MICHLAKE SUPERIOR,7064 CROWNER DR,DIMONDALE,MI
KPS LLC,6625 W HAPPY VALLEY RD,GLENDALE,AZ
THE RINK STUDIOS,1000 DEL PASO BLVD,SACRAMENTO,CA
EPA ATLANTIC ECOLOGY DIVISION,27 TARZWELL DR,NARRAGANSETT,RI
ANN MARIE DEVLIN,54 BROOKSIDE AVE,CHESTER,NY
QCC-IQ-DB,1355 DRY CREEK DR,LONGMONT,CO
STANFORD UNIV,ABCDE,STANFORD,CA
CISCO,9701 E BLAKE RANCH RD,KINGMAN,AZ
LIBBY FOSTER LLC,203 BELMONT DR,WEST MONROE,LA
PARK PLACE AT VAN DORN,6001 ARCHSTONE WAY,ALEXANDRIA,VA
WINDSTREAM,5903 WALKER AVE,LINCOLN,NE
ALLTEL COMMUNICATIONS PRODUCTS INC,3720 BOILING SPRINGS RD,BOILING SPRINGS,SC
WINDSTREAM,41 E 2ND AVE,LEXINGTON,NC
NN PAETEC COMMUNICATIONS,1 MARTHAS WAY,HIAWATHA,IA
ASPIRE CONCIERGES LIFESTYLES,5050 SOUTH SERVICE ROAD,BURLINGTON,MA
SOUTH MONTEBELLO IRRIGATION DISTRICT,437 S BLUFF RD,MONTEBELLO,CA
FIDELITY INFORMATION SERVICES JKL,914 VISTA DR,DALTON,GA
PAETEC DISCOUNT AUDIO,16271 LAGUNA CANYON RD,IRVINE,CA
ALLTEL GEORGIA INC,282 INDUSTRIAL PARK,MOULTRIE,GA
ALLTEL ALABAMA,6925 HALCYON PARK DR,MONTGOMERY,AL
ALLTEL INFORMATION SERVICES,3651 JUNCTION BLVD,RALEIGH,NC
CHRISTIAN HEDBERG,390 FREMONT ST,SAN FRANCISCO,CA
CRB,1803 AVENUE L,SANTA FE,TX
VALENCIA COLLEGE EAST CAMPUS,701 N ECONLOCKHATCHEE TRL,ORLANDO,FL
JUNO THERAPEUTICS,400 DEXTER AVE N,SEATTLE,WA
MONCUR,20700 CIVIC CENTER DR,SOUTHFIELD,MI
NOVARTIS SERVICES INC,1890 RUTHERFORD RD,CARLSBAD,CA
INDUSTRIAL SOLUTIONS INC,8333 GREEN MEADOWS DR N,LEWIS CENTER,OH
BAY AREA MEDICAL ACADEMY,530 BUSH ST,SAN FRANCISCO,CA
MURRAY SUPPLY COMPANY,102 W THIRD STSUITE 810,WINSTON SALEM,NC
WEIDENHAMMER,826 FERNHILL LN,WHITEHALL,PA
PARR'S PRO HEARING SERVICES INC,202 MEMORIAL DR,EVERETT,PA
ST. JOHN NEUMANN CATHOLIC CHURCH,721 ALPINE ROAD,COLUMBIA,SC
COWEN MASK BLANCHARD LAW GROUP,6243 W INTERSTATE 10,SAN ANTONIO,TX
ANNE ARUNDEL MEDICAL CENTER,1758 HOLLADAY PARK RD,GAMBRILLS,MD
ASTERAND BIOSCIENCE,440 CURROUGHS ST STE 501,DETROIT,MI
SHARON BLESSMAN,14608 STAHELIN AVE,DETROIT,MI
SHIMOMURA AND COMPANY CPA,DISTI DID NOT PROVIDE ADDRESS LINE1,TORRANCE,CA
CONNECTIVITY SOURCE,DISTI DID NOT PROVIDE ADDRESS LINE1,DENVER,NC
CONNECTIVITY SOURCE,DISTI DID NOT PROVIDE ADDRESS LINE1,CAYCE,SC
CONNECTIVITY SOURCE,3196 N COLLEGE AVE,FAYETTEVILLE,AR
CONNECTIVITY SOURCE,2071 N MALL DR,ALEXANDRIA,LA
YUMA PROVING GROUND,301 C ST,YUMA,AZ
GATEHOUSE MEDIA HALIFAX,901 6TH ST,DAYTONA BEACH,FL
MCICHOSZ CHOICEAVIATIONCOM,3001 DUGGLEBY DR,CODY,WY
USNRC REGION II,11555 ROCKVILLE PIKE,ROCKVILLE,MD
AKZO NOBEL PULP AND PERFORMANCE CHEMICALS,5959 CORPORATE DR,HOUSTON,TX
SURFACE SYSTEMS INC,194 S TAYLOR AVE,LOUISVILLE,CO
US CUSTOMS AND BORDER PROTECTION,7381 BOSTON BLVD,SPRINGFIELD,VA
BLVD. SAN FELIPE NO. 274-D,RANCHO COLORADO,72040,ZZ
VA MEDICAL CENTER,FIRST AVENUE NORTH OF 22ND STREET,HINES,IL
PRICESMART INC,4300 BRIGHTON BLVD,DENVER,CO
SHADY KNOLL FARM,306 OLD HIGHWAY 74,WINGATE,NC
BURLINGTON NORTHERN,200 N AVENUE H CA,BARSTOW,CA
CENTRAL CAROLINA TECH,271 WAVERLEY OAKS RD,WALTHAM,MA
MICHIGAN DAIRY TECH,11050 EDGEWOOD RD,BELLEVUE,MI
INSIGHT GLOBAL INC,2250 W PINEHURST BLVD,ADDISON,IL
DR DOUG TRIPLETT DDS,1129 W KANSAS ST,LIBERTY,MO
HOLIDAY INN EXPRESS,2412 W GRANT AVE,PAULS VALLEY,OK
COMMSCOPE C O ADC TELECOM,501 SHENANDOAH DR,SHAKOPEE,MN
WINDSTREAM SUPPLY,5903 WALKER AVE,LINCOLN,NE
TX-BEXAR COUNTY HOSPITAL DISTRICT,4502 MEDICAL DR,SAN ANTONIO,TX
G6 HOSPITALITY FRANCHISE,913 E NORTHSIDE DR,FORT WORTH,TX
ADP DEALER SERVICES,3300 EAST SERVICE RD NORT,WEST MEMPHIS,AR
G6 HOSPITALITY FRANCHISE,2907 ROSS CLARK CIR,DOTHAN,AL
G6 HOSPITALITY FRANCHISE,500 W DONLON ST,BLYTHE,CA
EAGLE BANK,8 ESSEX CENTER DR,PEABODY,MA
CHRIS MILEWSKI,7905 N CRESCENT BLVD,PENNSAUKEN,NJ
METASWITCH NETWORKS,3938 S 28TH RD,DUNNEGAN,MO
WINDSTREAM SUPPLY,916 N MULBERRY ST,ELIZABETHTOWN,KY
WINDSTREAM SUPPLY,FLOOR,LITTLE ROCK,AR
STAYBRIDGE SUITES,3624 N FALKENBURG RD,TAMPA,FL
BOEING,499 BOEING BLVD SW,HUNTSVILLE,AL
CANDLEWOOD SUITES,1855 S SILVERSTONE WAY,MERIDIAN,ID
DENTON COUNTY FRIENDS OF THE FAMILY,4845 N I-35E,DENTON,TX
CONNECTIVITY SOURCE,1720 W THOMAS ST,HAMMOND,LA
DOCTOR STEPHEN DENT,477 N EL CAMINO REAL,ENCINITAS,CA
CONNECTIVITY SOURCE,216 SAINT JAMES AVE,GOOSE CREEK,SC